updateSettings(AdminController),Calls,setSiteName(AppSetting)
updateSettings(AdminController),Calls,setSiteSlogan(AppSetting)
updateSettings(AdminController),Calls,setPageSize(AppSetting)
index(PostController),Calls,findAll(PostRepository)
editPost(PostController),Calls,findOne(PostRepository)
editPost(PostController),Calls,getTagNames(PostService)
deletePost(PostController),Calls,deletePost(PostService)
deletePost(PostController),Calls,findOne(PostRepository)
create(PostController),Calls,findByEmail(UserRepository)
create(PostController),Calls,parseTagNames(PostService)
create(PostController),Calls,createPost(PostService)
update(PostController),Calls,findOne(PostRepository)
update(PostController),Calls,parseTagNames(PostService)
update(PostController),Calls,updatePost(PostService)
profile(UserController),Calls,currentUser(UserService)
update(UserController),Calls,findOne(UserRepository)
update(UserController),Calls,changePassword(UserService)
addSuccessAttribute(MessageHelper),Calls,addAttribute(MessageHelper)
addErrorAttribute(MessageHelper),Calls,addAttribute(MessageHelper)
addInfoAttribute(MessageHelper),Calls,addAttribute(MessageHelper)
addWarningAttribute(MessageHelper),Calls,addAttribute(MessageHelper)
metaTitle(ViewHelper),Calls,getSiteName(AppSetting)
index(TagController),Calls,countPostsByTags(PostService)
showTag(TagController),Calls,getTag(TagService)
showTag(TagController),Calls,findPostsByTag(PostService)
showTag(TagController),Calls,getPageSize(AppSetting)
archive(PostController),Calls,getArchivePosts(PostService)
show(PostController),Calls,showPost(PostController)
page(PostController),Calls,showPost(PostController)
showPost(PostController),Calls,getPublishedPostByPermalink(PostService)
showPost(PostController),Calls,getPost(PostService)
showPost(PostController),Calls,incrementViews(PostService)
showPost(PostController),Calls,getPostTags(PostService)
index(HomeController),Calls,getAllPublishedPostsByPage(PostService)
index(HomeController),Calls,getPageSize(AppSetting)
findOrCreateByName(TagService),Calls,findByName(TagRepository)
findOrCreateByName(TagService),Calls,save(TagRepository)
getTag(TagService),Calls,findByName(TagRepository)
deleteTag(TagService),Calls,delete(TagRepository)
getAllTags(TagService),Calls,findAll(TagRepository)
initialize(UserService),Calls,getSuperUser(UserService)
createUser(UserService),Calls,save(UserRepository)
getSuperUser(UserService),Calls,findByEmail(UserRepository)
getSuperUser(UserService),Calls,createUser(UserService)
loadUserByUsername(UserService),Calls,findByEmail(UserRepository)
loadUserByUsername(UserService),Calls,createSpringUser(UserService)
currentUser(UserService),Calls,findByEmail(UserRepository)
changePassword(UserService),Calls,save(UserRepository)
authenticate(UserService),Calls,createSpringUser(UserService)
authenticate(UserService),Calls,createAuthority(UserService)
createSpringUser(UserService),Calls,createAuthority(UserService)
getSiteName(AppSetting),Calls,get(CacheSettingService)
setSiteName(AppSetting),Calls,put(CacheSettingService)
getPageSize(AppSetting),Calls,get(CacheSettingService)
setPageSize(AppSetting),Calls,put(CacheSettingService)
getSiteSlogan(AppSetting),Calls,get(CacheSettingService)
setSiteSlogan(AppSetting),Calls,put(CacheSettingService)
get(CacheSettingService),Calls,get(CacheSettingService)
put(CacheSettingService),Calls,findByKey(SettingRepository)
put(CacheSettingService),Calls,save(SettingRepository)
getPost(PostService),Calls,findOne(PostRepository)
getPublishedPostByPermalink(PostService),Calls,findByPermalinkAndPostStatus(PostRepository)
getPublishedPostByPermalink(PostService),Calls,findOne(PostRepository)
createPost(PostService),Calls,renderToHtml(FlexmarkMarkdownService)
createPost(PostService),Calls,renderToHtml(FlexmarkMarkdownService)
createPost(PostService),Calls,save(PostRepository)
updatePost(PostService),Calls,renderToHtml(FlexmarkMarkdownService)
updatePost(PostService),Calls,renderToHtml(FlexmarkMarkdownService)
updatePost(PostService),Calls,save(PostRepository)
deletePost(PostService),Calls,delete(PostRepository)
getArchivePosts(PostService),Calls,findAllByPostTypeAndPostStatus(PostRepository)
getPostTags(PostService),Calls,findOne(PostRepository)
getAllPublishedPostsByPage(PostService),Calls,findAllByPostTypeAndPostStatus(PostRepository)
createAboutPage(PostService),Calls,getSuperUser(UserService)
createAboutPage(PostService),Calls,createPost(PostService)
parseTagNames(PostService),Calls,findOrCreateByName(TagService)
findPostsByTag(PostService),Calls,findByTag(PostRepository)
countPostsByTags(PostService),Calls,countPostsByTags(PostRepository)
incrementViews(PostService),Calls,findOne(PostRepository)
incrementViews(PostService),Calls,save(PostRepository)
findByName(TagRepository),Persists,Tag
findByKey(SettingRepository),Persists,Setting
findByPermalinkAndPostStatus(PostRepository),Persists,Post
findAllByPostType(PostRepository),Persists,Post
findAllByPostTypeAndPostStatus(PostRepository),Persists,Post
findByTag(PostRepository),Persists,Post
findByEmail(UserRepository),Persists,User
settings(AdminController),Uses,SettingsForm
updateSettings(AdminController),Uses,SettingsForm
index(PostController),Uses,Post
newPost(PostController),Uses,PostForm
newPost(PostController),Uses,Post
editPost(PostController),Uses,Post
editPost(PostController),Uses,PostForm
create(PostController),Uses,PostForm
create(PostController),Uses,Post
update(PostController),Uses,PostForm
update(PostController),Uses,Post
update(UserController),Uses,UserForm
update(UserController),Uses,User
addAttribute(MessageHelper),Uses,Message
showTag(TagController),Uses,Tag
showTag(TagController),Uses,Post
archive(PostController),Uses,Post
showPost(PostController),Uses,Post
index(HomeController),Uses,Post
findOrCreateByName(TagService),Uses,Tag
getTag(TagService),Uses,Tag
deleteTag(TagService),Uses,Tag
getAllTags(TagService),Uses,Tag
createUser(UserService),Uses,User
getSuperUser(UserService),Uses,User
loadUserByUsername(UserService),Uses,User
currentUser(UserService),Uses,User
changePassword(UserService),Uses,User
signin(UserService),Uses,User
authenticate(UserService),Uses,User
createSpringUser(UserService),Uses,User
createAuthority(UserService),Uses,User
put(CacheSettingService),Uses,Setting
getPost(PostService),Uses,Post
getPublishedPostByPermalink(PostService),Uses,Post
createPost(PostService),Uses,Post
updatePost(PostService),Uses,Post
deletePost(PostService),Uses,Post
getArchivePosts(PostService),Uses,Post
getPostTags(PostService),Uses,Post
getPostTags(PostService),Uses,Tag
extractPostMeta(PostService),Uses,Post
getAllPublishedPostsByPage(PostService),Uses,Post
createAboutPage(PostService),Uses,Post
parseTagNames(PostService),Uses,Tag
getTagNames(PostService),Uses,Tag
findPostsByTag(PostService),Uses,Post
incrementViews(PostService),Uses,Post
Post,References,User
Post,References,Tag
Post,Extends,BaseModel
Tag,References,Post
Tag,Extends,BaseModel
User,References,Post
User,Extends,BaseModel
Setting,Extends,BaseModel
