0,Entity,PostForm
1,Entity,SettingsForm
2,Entity,UserForm
3,Entity,Post
4,Entity,BaseModel
5,Entity,Tag
6,Entity,User
7,Entity,Setting
8,Entity,Message
9,Method,findByName,TagRepository
10,Method,findByKey,SettingRepository
11,Method,findByPermalinkAndPostStatus,PostRepository
12,Method,findAllByPostType,PostRepository
13,Method,findAllByPostTypeAndPostStatus,PostRepository
14,Method,findByTag,PostRepository
15,Method,countPostsByTags,PostRepository
16,Method,findByEmail,UserRepository
17,Method,index,AdminController
18,Method,settings,AdminController
19,Method,updateSettings,AdminController
20,Method,index,PostController
21,Method,newPost,PostController
22,Method,editPost,PostController
23,Method,deletePost,PostController
24,Method,create,PostController
25,Method,update,PostController
26,Method,profile,UserController
27,Method,update,UserController
28,Method,addSuccessAttribute,MessageHelper
29,Method,addErrorAttribute,MessageHelper
30,Method,addInfoAttribute,MessageHelper
31,Method,addWarningAttribute,MessageHelper
32,Method,addAttribute,MessageHelper
33,Method,highlight,PygmentsService
34,Method,isLogin,ViewHelper
35,Method,getResponseTime,ViewHelper
36,Method,getStartTime,ViewHelper
37,Method,setStartTime,ViewHelper
38,Method,getFormattedDate,ViewHelper
39,Method,getMonthAndDay,ViewHelper
40,Method,metaTitle,ViewHelper
41,Method,getApplicationEnv,ViewHelper
42,Method,setApplicationEnv,ViewHelper
43,Method,renderToHtml,FlexmarkMarkdownService
44,Method,renderToHtml,PegDownMarkdownService
45,Method,index,TagController
46,Method,showTag,TagController
47,Method,archive,PostController
48,Method,show,PostController
49,Method,page,PostController
50,Method,showPost,PostController
51,Method,index,HomeController
52,Method,signin,UserController
53,Method,findOrCreateByName,TagService
54,Method,getTag,TagService
55,Method,deleteTag,TagService
56,Method,getAllTags,TagService
57,Method,initialize,UserService
58,Method,createUser,UserService
59,Method,getSuperUser,UserService
60,Method,loadUserByUsername,UserService
61,Method,currentUser,UserService
62,Method,changePassword,UserService
63,Method,signin,UserService
64,Method,authenticate,UserService
65,Method,createSpringUser,UserService
66,Method,createAuthority,UserService
67,Method,getSiteName,AppSetting
68,Method,setSiteName,AppSetting
69,Method,getPageSize,AppSetting
70,Method,setPageSize,AppSetting
71,Method,getSiteSlogan,AppSetting
72,Method,setSiteSlogan,AppSetting
73,Method,get,CacheSettingService
74,Method,put,CacheSettingService
75,Method,getPost,PostService
76,Method,getPublishedPostByPermalink,PostService
77,Method,createPost,PostService
78,Method,updatePost,PostService
79,Method,deletePost,PostService
80,Method,getArchivePosts,PostService
81,Method,getPostTags,PostService
82,Method,extractPostMeta,PostService
83,Method,getAllPublishedPostsByPage,PostService
84,Method,createAboutPage,PostService
85,Method,parseTagNames,PostService
86,Method,getTagNames,PostService
87,Method,findPostsByTag,PostService
88,Method,countPostsByTags,PostService
89,Method,incrementViews,PostService
90,Method,findAll,PostRepository
91,Method,findOne,PostRepository
92,Method,findOne,UserRepository
93,Method,save,TagRepository
94,Method,delete,TagRepository
95,Method,findAll,TagRepository
96,Method,save,UserRepository
97,Method,save,SettingRepository
98,Method,save,PostRepository
99,Method,delete,PostRepository
