37,Calls,119
37,Calls,118
39,Calls,34
39,Calls,34
53,Calls,110
54,Calls,57
55,Calls,49
55,Calls,45
55,Calls,108
56,Calls,109
82,Calls,115
82,Calls,113
83,Calls,117
83,Calls,114
84,Calls,118
85,Calls,116
97,Calls,106
97,Calls,105
97,Calls,115
99,Calls,107
99,Calls,105
99,Calls,115
101,Calls,105
101,Calls,88
101,Calls,90
101,Calls,104
101,Calls,115
102,Calls,104
105,Calls,22
106,Calls,23
106,Calls,24
106,Calls,25
107,Calls,26
107,Calls,27
108,Calls,111
108,Calls,19
108,Calls,20
109,Calls,18
109,Calls,11
110,Calls,17
111,Calls,29
111,Calls,30
112,Calls,9
113,Calls,10
114,Calls,32
115,Calls,31
116,Calls,33
117,Calls,15
118,Calls,16
119,Calls,14
9,Persists,4
10,Persists,4
11,Persists,3
12,Persists,3
15,Persists,8
16,Persists,8
17,Persists,0
18,Persists,0
19,Persists,0
20,Persists,0
21,Persists,6
22,Persists,6
23,Persists,6
24,Persists,6
25,Persists,6
26,Persists,6
27,Persists,6
28,Persists,6
29,Persists,1
30,Persists,1
31,Persists,2
32,Persists,2
33,Persists,2
34,Uses,7
35,Uses,7
37,Uses,8
38,Uses,8
39,Uses,5
42,Uses,7
45,Uses,0
46,Uses,0
52,Uses,0
57,Uses,0
69,Uses,4
70,Uses,4
71,Uses,2
72,Uses,2
73,Uses,8
74,Uses,8
75,Uses,4
76,Uses,4
77,Uses,2
78,Uses,2
79,Uses,8
80,Uses,8
87,Uses,6
92,Uses,2
93,Uses,2
104,Uses,6
105,Uses,6
106,Uses,6
107,Uses,6
108,Uses,0
109,Uses,0
110,Uses,0
111,Uses,1
112,Uses,4
113,Uses,4
114,Uses,2
115,Uses,2
116,Uses,2
117,Uses,8
118,Uses,8
0,References,3
3,References,8
5,References,8
7,References,5
7,References,5
8,References,2
