0,Entity,Vet
1,Entity,Specialty
2,Entity,Vets
3,Entity,Pet
4,Entity,Owner
5,Entity,Visit
6,Entity,PetType
7,Entity,BaseEntity
8,Entity,Person
9,Entity,NamedEntity
10,Method,findAll,VetRepository
11,Method,findPetTypes,OwnerRepository
12,Method,findByLastName,OwnerRepository
13,Method,findById,OwnerRepository
14,Method,save,OwnerRepository
15,Method,findAll,OwnerRepository
16,Method,showVetList,VetController
17,Method,addPaginationModel,VetController
18,Method,findPaginated,VetController
19,Method,showResourcesVetList,VetController
20,Method,setAllowedFields,VisitController
21,Method,loadPetWithVisit,VisitController
22,Method,initNewVisitForm,VisitController
23,Method,processNewVisitForm,VisitController
24,Method,setAllowedFields,OwnerController
25,Method,findOwner,OwnerController
26,Method,initCreationForm,OwnerController
27,Method,processCreationForm,OwnerController
28,Method,initFindForm,OwnerController
29,Method,processFindForm,OwnerController
30,Method,addPaginationModel,OwnerController
31,Method,findPaginatedForOwnersLastName,OwnerController
32,Method,initUpdateOwnerForm,OwnerController
33,Method,processUpdateOwnerForm,OwnerController
34,Method,showOwner,OwnerController
35,Method,populatePetTypes,PetController
36,Method,findOwner,PetController
37,Method,findPet,PetController
38,Method,initOwnerBinder,PetController
39,Method,initPetBinder,PetController
40,Method,initCreationForm,PetController
41,Method,processCreationForm,PetController
42,Method,initUpdateForm,PetController
43,Method,processUpdateForm,PetController
44,Method,welcome,WelcomeController
45,Method,triggerException,CrashController
